{
  "method": "FAISS (GPU)",
  "split": "val",
  "n_samples": 1000000,
  "n_classes": 1000,
  "n_clusters": 1000,
  "clustering": {
    "nmi": 0.7917145773468427,
    "ami": 0.7740409786451916,
    "ari": 0.4060845850665663,
    "rand": 0.9986601722601722,
    "fowlkes_mallows": 0.40947809010073355,
    "homogeneity": 0.783913782817064,
    "completeness": 0.7996721851144208,
    "v_measure": 0.7917145773468426,
    "purity": 0.52962
  },
  "classification": {
    "accuracy": 0.51368,
    "balanced_accuracy": 0.51368,
    "precision_macro": 0.47737445217671926,
    "recall_macro": 0.51368,
    "f1_macro": 0.4775163879010706,
    "precision_weighted": 0.47737445217671926,
    "recall_weighted": 0.51368,
    "f1_weighted": 0.47751638790107054,
    "precision_micro": 0.51368,
    "recall_micro": 0.51368,
    "f1_micro": 0.51368,
    "top1_accuracy": 0.51356,
    "top5_accuracy": 0.78924
  },
  "classification_mapping": {
    "hard_prediction": "cluster->majority IN1K label from train split",
    "soft_score": "P(class|cluster) estimated from train split"
  },
  "curves": {
    "roc_auc_micro": 0.9862567326160162,
    "roc_auc_macro": 0.9845084026026026,
    "average_precision_micro": 0.5811158835869488,
    "average_precision_macro": 0.4515057961518306
  },
  "cluster_stats": {
    "mean_cluster_size": 25623.36,
    "std_cluster_size": 11301.49670939208,
    "mean_cluster_purity": 0.5808103694130005,
    "median_cluster_purity": 0.5757825584932716,
    "min_cluster_purity": 0.025918944392082942,
    "max_cluster_purity": 1.0,
    "non_empty_clusters": 1000
  }
}