{
  "result_dir": ".",
  "feature_dir": "../features_20x",
  "split": "val",
  "methods": {
    "TorchFAISS Dist(8GPU)": {
      "summary": {
        "method": "TorchFAISS Dist(8GPU)",
        "split": "val",
        "n_samples": 1000000,
        "n_classes": 1000,
        "n_clusters": 1000,
        "clustering": {
          "nmi": 0.7915088046558055,
          "ami": 0.773700916948358,
          "ari": 0.4103410978975908,
          "rand": 0.9986765322765323,
          "fowlkes_mallows": 0.41354155687169963,
          "homogeneity": 0.784192357558718,
          "completeness": 0.7989630611440807,
          "v_measure": 0.7915088046558055,
          "purity": 0.52894
        },
        "classification": {
          "accuracy": 0.51026,
          "balanced_accuracy": 0.5102599999999999,
          "precision_macro": 0.47881614574073006,
          "recall_macro": 0.5102599999999999,
          "f1_macro": 0.4744700159111164,
          "precision_weighted": 0.47881614574073006,
          "recall_weighted": 0.51026,
          "f1_weighted": 0.47447001591111637,
          "precision_micro": 0.51026,
          "recall_micro": 0.51026,
          "f1_micro": 0.51026,
          "top1_accuracy": 0.51022,
          "top5_accuracy": 0.7902
        },
        "classification_mapping": {
          "hard_prediction": "cluster->majority IN1K label from train split",
          "soft_score": "P(class|cluster) estimated from train split"
        },
        "curves": {
          "roc_auc_micro": 0.9863464211475476,
          "roc_auc_macro": 0.9846357145145146,
          "average_precision_micro": 0.5794227444392455,
          "average_precision_macro": 0.4499371680574319
        },
        "cluster_stats": {
          "mean_cluster_size": 25623.36,
          "std_cluster_size": 10666.757778744204,
          "mean_cluster_purity": 0.567559010097774,
          "median_cluster_purity": 0.558356574382695,
          "min_cluster_purity": 0.020181634712411706,
          "max_cluster_purity": 1.0,
          "non_empty_clusters": 1000
        }
      },
      "artifacts": {
        "detailed_json": "evaluation_reports/torchfaiss_dist_8gpu/detailed_metrics.json",
        "curve_json": "evaluation_reports/torchfaiss_dist_8gpu/curve_data.json",
        "per_class_csv": "evaluation_reports/torchfaiss_dist_8gpu/per_class_metrics.csv",
        "roc_plot": "evaluation_reports/torchfaiss_dist_8gpu/roc_curve.png",
        "pr_plot": "evaluation_reports/torchfaiss_dist_8gpu/pr_curve.png",
        "confusion_plot": "evaluation_reports/torchfaiss_dist_8gpu/confusion_matrix_top50.png",
        "cluster_plot": "evaluation_reports/torchfaiss_dist_8gpu/cluster_diagnostics.png"
      }
    },
    "FAISS (GPU)": {
      "summary": {
        "method": "FAISS (GPU)",
        "split": "val",
        "n_samples": 1000000,
        "n_classes": 1000,
        "n_clusters": 1000,
        "clustering": {
          "nmi": 0.7917145773468427,
          "ami": 0.7740409786451916,
          "ari": 0.4060845850665663,
          "rand": 0.9986601722601722,
          "fowlkes_mallows": 0.40947809010073355,
          "homogeneity": 0.783913782817064,
          "completeness": 0.7996721851144208,
          "v_measure": 0.7917145773468426,
          "purity": 0.52962
        },
        "classification": {
          "accuracy": 0.51368,
          "balanced_accuracy": 0.51368,
          "precision_macro": 0.47737445217671926,
          "recall_macro": 0.51368,
          "f1_macro": 0.4775163879010706,
          "precision_weighted": 0.47737445217671926,
          "recall_weighted": 0.51368,
          "f1_weighted": 0.47751638790107054,
          "precision_micro": 0.51368,
          "recall_micro": 0.51368,
          "f1_micro": 0.51368,
          "top1_accuracy": 0.51356,
          "top5_accuracy": 0.78924
        },
        "classification_mapping": {
          "hard_prediction": "cluster->majority IN1K label from train split",
          "soft_score": "P(class|cluster) estimated from train split"
        },
        "curves": {
          "roc_auc_micro": 0.9862567326160162,
          "roc_auc_macro": 0.9845084026026026,
          "average_precision_micro": 0.5811158835869488,
          "average_precision_macro": 0.4515057961518306
        },
        "cluster_stats": {
          "mean_cluster_size": 25623.36,
          "std_cluster_size": 11301.49670939208,
          "mean_cluster_purity": 0.5808103694130005,
          "median_cluster_purity": 0.5757825584932716,
          "min_cluster_purity": 0.025918944392082942,
          "max_cluster_purity": 1.0,
          "non_empty_clusters": 1000
        }
      },
      "artifacts": {
        "detailed_json": "evaluation_reports/faiss_gpu/detailed_metrics.json",
        "curve_json": "evaluation_reports/faiss_gpu/curve_data.json",
        "per_class_csv": "evaluation_reports/faiss_gpu/per_class_metrics.csv",
        "roc_plot": "evaluation_reports/faiss_gpu/roc_curve.png",
        "pr_plot": "evaluation_reports/faiss_gpu/pr_curve.png",
        "confusion_plot": "evaluation_reports/faiss_gpu/confusion_matrix_top50.png",
        "cluster_plot": "evaluation_reports/faiss_gpu/cluster_diagnostics.png"
      }
    }
  },
  "cross_method": {
    "train_assignment_agreement": 0.0002326002522698038,
    "val_assignment_agreement": 0.0002,
    "centroid_l2_mean": 0.06328890650713964,
    "centroid_l2_max": 1.1824847135890106,
    "centroid_l2_min": 0.0006638676906714303,
    "remapped_train_assignment_agreement": 0.6360688059645574,
    "remapped_val_assignment_agreement": 0.63176,
    "val_objective_diff_pct": 0.12793206807185384,
    "val_nmi_diff": 0.0002057726910371649,
    "training_speedup": 5.380780346820809
  },
  "speed_plot": "evaluation_reports/speed_comparison.png",
  "curve_comparison_plot": "evaluation_reports/curve_comparison.png"
}