{
  "method": "TorchFAISS Dist(8GPU)",
  "k": 1000,
  "niter": 20,
  "bf16": false,
  "train_time": 0.501,
  "assign_train_time": 0.585,
  "assign_val_time": 0.021,
  "train_obj": 355435.21875,
  "val_obj": 14090.8212890625,
  "train_nmi": 0.7459,
  "train_purity": 0.5195,
  "val_nmi": 0.7867,
  "val_purity": 0.5184
}